x position,y position,Simulation Output (°C),Analytical Output (°C),Absolute error (%),Relative error (%)
-0.9310344827586207,-0.9310344827586207,-29.760116615797017,NaN,NaN,NaN
-0.9310344827586207,-0.8620689655172413,-26.14491957408295,NaN,NaN,NaN
-0.9310344827586207,-0.7931034482758621,-23.402615919448657,NaN,NaN,NaN
-0.9310344827586207,-0.7241379310344828,-21.03258577968195,NaN,NaN,NaN
-0.9310344827586207,-0.6551724137931034,-18.857624647218515,NaN,NaN,NaN
-0.9310344827586207,-0.5862068965517241,-16.772727637852174,NaN,NaN,NaN
-0.9310344827586207,-0.5172413793103449,-14.69668971077258,NaN,NaN,NaN
-0.9310344827586207,-0.4482758620689655,-12.744898781146764,NaN,NaN,NaN
-0.9310344827586207,-0.3793103448275862,-10.858605399137716,NaN,NaN,NaN
-0.9310344827586207,-0.3103448275862069,-8.942075379350921,NaN,NaN,NaN
-0.9310344827586207,-0.2413793103448276,-7.00263005492207,NaN,NaN,NaN
-0.9310344827586207,-0.1724137931034483,-5.129683002109787,NaN,NaN,NaN
-0.9310344827586207,-0.10344827586206896,-3.2292328199783844,NaN,NaN,NaN
-0.9310344827586207,-0.034482758620689655,-1.3440887402816055,NaN,NaN,NaN
-0.9310344827586207,0.034482758620689655,0.4525297629705788,NaN,NaN,NaN
-0.9310344827586207,0.10344827586206896,2.2491580476193382,NaN,NaN,NaN
-0.9310344827586207,0.1724137931034483,4.022764774079038,NaN,NaN,NaN
-0.9310344827586207,0.2413793103448276,5.7051819784511935,NaN,NaN,NaN
-0.9310344827586207,0.3103448275862069,7.3575809100659395,NaN,NaN,NaN
-0.9310344827586207,0.3793103448275862,9.073748563758851,NaN,NaN,NaN
-0.9310344827586207,0.4482758620689655,10.499660362548784,NaN,NaN,NaN
-0.9310344827586207,0.5172413793103449,11.904478893657872,NaN,NaN,NaN
-0.9310344827586207,0.5862068965517241,13.036839475211641,NaN,NaN,NaN
-0.9310344827586207,0.6551724137931034,13.978938850241112,NaN,NaN,NaN
-0.9310344827586207,0.7241379310344828,14.259690083522667,NaN,NaN,NaN
-0.9310344827586207,0.7931034482758621,13.677956906573133,NaN,NaN,NaN
-0.9310344827586207,0.8620689655172413,11.328438171079735,NaN,NaN,NaN
-0.9310344827586207,0.9310344827586207,4.6900473482996565,NaN,NaN,NaN
-0.8620689655172413,-0.9310344827586207,-29.058379299298366,NaN,NaN,NaN
-0.8620689655172413,-0.8620689655172413,-25.56988795599467,NaN,NaN,NaN
-0.8620689655172413,-0.7931034482758621,-22.77792355371374,NaN,NaN,NaN
-0.8620689655172413,-0.7241379310344828,-20.318456093747443,NaN,NaN,NaN
-0.8620689655172413,-0.6551724137931034,-18.108941032658525,NaN,NaN,NaN
-0.8620689655172413,-0.5862068965517241,-16.052531927432113,NaN,NaN,NaN
-0.8620689655172413,-0.5172413793103449,-14.044835504780846,NaN,NaN,NaN
-0.8620689655172413,-0.4482758620689655,-12.240021701408441,NaN,NaN,NaN
-0.8620689655172413,-0.3793103448275862,-10.383641300351366,NaN,NaN,NaN
-0.8620689655172413,-0.3103448275862069,-8.581617785869415,NaN,NaN,NaN
-0.8620689655172413,-0.2413793103448276,-6.726628385451922,NaN,NaN,NaN
-0.8620689655172413,-0.1724137931034483,-5.028748809268507,NaN,NaN,NaN
-0.8620689655172413,-0.10344827586206896,-3.324444465412477,NaN,NaN,NaN
-0.8620689655172413,-0.034482758620689655,-1.5980548895093114,NaN,NaN,NaN
-0.8620689655172413,0.034482758620689655,0.0022655329308999134,NaN,NaN,NaN
-0.8620689655172413,0.10344827586206896,1.5868041640240802,NaN,NaN,NaN
-0.8620689655172413,0.1724137931034483,3.1237381483888376,NaN,NaN,NaN
-0.8620689655172413,0.2413793103448276,4.67601008149329,NaN,NaN,NaN
-0.8620689655172413,0.3103448275862069,6.025691571193638,NaN,NaN,NaN
-0.8620689655172413,0.3793103448275862,7.208023900046226,NaN,NaN,NaN
-0.8620689655172413,0.4482758620689655,8.362717278685492,NaN,NaN,NaN
-0.8620689655172413,0.5172413793103449,9.192893726188876,NaN,NaN,NaN
-0.8620689655172413,0.5862068965517241,9.80021108260856,NaN,NaN,NaN
-0.8620689655172413,0.6551724137931034,9.99156191525535,NaN,NaN,NaN
-0.8620689655172413,0.7241379310344828,9.272674004711693,NaN,NaN,NaN
-0.8620689655172413,0.7931034482758621,7.443184670459632,NaN,NaN,NaN
-0.8620689655172413,0.8620689655172413,3.6788053155702705,NaN,NaN,NaN
-0.8620689655172413,0.9310344827586207,-3.103725925909015,NaN,NaN,NaN
-0.7931034482758621,-0.9310344827586207,-27.390238888366316,NaN,NaN,NaN
-0.7931034482758621,-0.8620689655172413,-24.37185880347814,NaN,NaN,NaN
-0.7931034482758621,-0.7931034482758621,-21.763375139495626,NaN,NaN,NaN
-0.7931034482758621,-0.7241379310344828,-19.41238476159205,NaN,NaN,NaN
-0.7931034482758621,-0.6551724137931034,-17.17213803498497,NaN,NaN,NaN
-0.7931034482758621,-0.5862068965517241,-15.255645079931558,NaN,NaN,NaN
-0.7931034482758621,-0.5172413793103449,-13.335663972883804,NaN,NaN,NaN
-0.7931034482758621,-0.4482758620689655,-11.549674202658334,NaN,NaN,NaN
-0.7931034482758621,-0.3793103448275862,-9.848844236670395,NaN,NaN,NaN
-0.7931034482758621,-0.3103448275862069,-8.166885501142586,NaN,NaN,NaN
-0.7931034482758621,-0.2413793103448276,-6.512994490324227,NaN,NaN,NaN
-0.7931034482758621,-0.1724137931034483,-4.920876248642707,NaN,NaN,NaN
-0.7931034482758621,-0.10344827586206896,-3.3673538868690414,NaN,NaN,NaN
-0.7931034482758621,-0.034482758620689655,-1.8347857899515554,NaN,NaN,NaN
-0.7931034482758621,0.034482758620689655,-0.3766239847493523,NaN,NaN,NaN
-0.7931034482758621,0.10344827586206896,1.0046448015561436,NaN,NaN,NaN
-0.7931034482758621,0.1724137931034483,2.4057757821018546,NaN,NaN,NaN
-0.7931034482758621,0.2413793103448276,3.5790805364231,NaN,NaN,NaN
-0.7931034482758621,0.3103448275862069,4.757811304272673,NaN,NaN,NaN
-0.7931034482758621,0.3793103448275862,5.652339027538403,NaN,NaN,NaN
-0.7931034482758621,0.4482758620689655,6.393902654990123,NaN,NaN,NaN
-0.7931034482758621,0.5172413793103449,6.859709124824152,NaN,NaN,NaN
-0.7931034482758621,0.5862068965517241,6.91887748350656,NaN,NaN,NaN
-0.7931034482758621,0.6551724137931034,6.530460704434182,NaN,NaN,NaN
-0.7931034482758621,0.7241379310344828,5.345932087441348,NaN,NaN,NaN
-0.7931034482758621,0.7931034482758621,3.1678967696724114,NaN,NaN,NaN
-0.7931034482758621,0.8620689655172413,-0.5971652612960535,NaN,NaN,NaN
-0.7931034482758621,0.9310344827586207,-6.2943016696109995,NaN,NaN,NaN
-0.7241379310344828,-0.9310344827586207,-25.392756176546392,NaN,NaN,NaN
-0.7241379310344828,-0.8620689655172413,-22.76838936816393,NaN,NaN,NaN
-0.7241379310344828,-0.7931034482758621,-20.376299084002078,NaN,NaN,NaN
-0.7241379310344828,-0.7241379310344828,-18.192667241881146,NaN,NaN,NaN
-0.7241379310344828,-0.6551724137931034,-16.247044187452154,NaN,NaN,NaN
-0.7241379310344828,-0.5862068965517241,-14.343999197998173,NaN,NaN,NaN
-0.7241379310344828,-0.5172413793103449,-12.550300307181157,NaN,NaN,NaN
-0.7241379310344828,-0.4482758620689655,-10.850486505554779,NaN,NaN,NaN
-0.7241379310344828,-0.3793103448275862,-9.32483827840108,NaN,NaN,NaN
-0.7241379310344828,-0.3103448275862069,-7.804036763586848,NaN,NaN,NaN
-0.7241379310344828,-0.2413793103448276,-6.2332512528850055,NaN,NaN,NaN
-0.7241379310344828,-0.1724137931034483,-4.77231515936576,NaN,NaN,NaN
-0.7241379310344828,-0.10344827586206896,-3.3802597674175674,NaN,NaN,NaN
-0.7241379310344828,-0.034482758620689655,-2.004260588819857,NaN,NaN,NaN
-0.7241379310344828,0.034482758620689655,-0.7110277020076776,NaN,NaN,NaN
-0.7241379310344828,0.10344827586206896,0.5153426076692298,NaN,NaN,NaN
-0.7241379310344828,0.1724137931034483,1.6845451665724673,NaN,NaN,NaN
-0.7241379310344828,0.2413793103448276,2.6577689321917934,NaN,NaN,NaN
-0.7241379310344828,0.3103448275862069,3.526460050733651,NaN,NaN,NaN
-0.7241379310344828,0.3793103448275862,4.231100191343069,NaN,NaN,NaN
-0.7241379310344828,0.4482758620689655,4.740937679367599,NaN,NaN,NaN
-0.7241379310344828,0.5172413793103449,4.927190552342912,NaN,NaN,NaN
-0.7241379310344828,0.5862068965517241,4.748472400171246,NaN,NaN,NaN
-0.7241379310344828,0.6551724137931034,3.9921620715499957,NaN,NaN,NaN
-0.7241379310344828,0.7241379310344828,2.588029718645629,NaN,NaN,NaN
-0.7241379310344828,0.7931034482758621,0.24569102281462177,NaN,NaN,NaN
-0.7241379310344828,0.8620689655172413,-3.054651507816731,NaN,NaN,NaN
-0.7241379310344828,0.9310344827586207,-7.601355969050815,NaN,NaN,NaN
-0.6551724137931034,-0.9310344827586207,-23.20123397579383,NaN,NaN,NaN
-0.6551724137931034,-0.8620689655172413,-20.953422626818476,NaN,NaN,NaN
-0.6551724137931034,-0.7931034482758621,-18.835626804417537,NaN,NaN,NaN
-0.6551724137931034,-0.7241379310344828,-16.895177028492164,NaN,NaN,NaN
-0.6551724137931034,-0.6551724137931034,-15.01668336639113,NaN,NaN,NaN
-0.6551724137931034,-0.5862068965517241,-13.386799457223697,NaN,NaN,NaN
-0.6551724137931034,-0.5172413793103449,-11.776483590503805,NaN,NaN,NaN
-0.6551724137931034,-0.4482758620689655,-10.178463488415943,NaN,NaN,NaN
-0.6551724137931034,-0.3793103448275862,-8.627572612305357,NaN,NaN,NaN
-0.6551724137931034,-0.3103448275862069,-7.2293368882610265,NaN,NaN,NaN
-0.6551724137931034,-0.2413793103448276,-5.9020929671027735,NaN,NaN,NaN
-0.6551724137931034,-0.1724137931034483,-4.492087607638852,NaN,NaN,NaN
-0.6551724137931034,-0.10344827586206896,-3.3267978148586934,NaN,NaN,NaN
-0.6551724137931034,-0.034482758620689655,-2.1157184538615192,NaN,NaN,NaN
-0.6551724137931034,0.034482758620689655,-1.0033131750203714,NaN,NaN,NaN
-0.6551724137931034,0.10344827586206896,0.03977821934752766,NaN,NaN,NaN
-0.6551724137931034,0.1724137931034483,1.0859015819753324,NaN,NaN,NaN
-0.6551724137931034,0.2413793103448276,1.8893032678466777,NaN,NaN,NaN
-0.6551724137931034,0.3103448275862069,2.5697488352189284,NaN,NaN,NaN
-0.6551724137931034,0.3793103448275862,3.134354731531925,NaN,NaN,NaN
-0.6551724137931034,0.4482758620689655,3.339705639042537,NaN,NaN,NaN
-0.6551724137931034,0.5172413793103449,3.3315069442317657,NaN,NaN,NaN
-0.6551724137931034,0.5862068965517241,2.9525951777298354,NaN,NaN,NaN
-0.6551724137931034,0.6551724137931034,2.119497509593521,NaN,NaN,NaN
-0.6551724137931034,0.7241379310344828,0.6378165387096517,NaN,NaN,NaN
-0.6551724137931034,0.7931034482758621,-1.45876451794562,NaN,NaN,NaN
-0.6551724137931034,0.8620689655172413,-4.34466981328435,NaN,NaN,NaN
-0.6551724137931034,0.9310344827586207,-7.98486969072278,NaN,NaN,NaN
-0.5862068965517241,-0.9310344827586207,-20.936941948454105,NaN,NaN,NaN
-0.5862068965517241,-0.8620689655172413,-18.963991834407146,NaN,NaN,NaN
-0.5862068965517241,-0.7931034482758621,-17.159914423466557,NaN,NaN,NaN
-0.5862068965517241,-0.7241379310344828,-15.394932389608737,NaN,NaN,NaN
-0.5862068965517241,-0.6551724137931034,-13.836748920889187,NaN,NaN,NaN
-0.5862068965517241,-0.5862068965517241,-12.218596559956286,NaN,NaN,NaN
-0.5862068965517241,-0.5172413793103449,-10.702464901315393,NaN,NaN,NaN
-0.5862068965517241,-0.4482758620689655,-9.343038670950767,NaN,NaN,NaN
-0.5862068965517241,-0.3793103448275862,-8.02832179938401,NaN,NaN,NaN
-0.5862068965517241,-0.3103448275862069,-6.709297595993613,NaN,NaN,NaN
-0.5862068965517241,-0.2413793103448276,-5.512994134521956,NaN,NaN,NaN
-0.5862068965517241,-0.1724137931034483,-4.350719110057855,NaN,NaN,NaN
-0.5862068965517241,-0.10344827586206896,-3.227780220298901,NaN,NaN,NaN
-0.5862068965517241,-0.034482758620689655,-2.1222362112650304,NaN,NaN,NaN
-0.5862068965517241,0.034482758620689655,-1.1468068671250558,NaN,NaN,NaN
-0.5862068965517241,0.10344827586206896,-0.2989597307087724,NaN,NaN,NaN
-0.5862068965517241,0.1724137931034483,0.5122308393511694,NaN,NaN,NaN
-0.5862068965517241,0.2413793103448276,1.2796080329232162,NaN,NaN,NaN
-0.5862068965517241,0.3103448275862069,1.7516348180931538,NaN,NaN,NaN
-0.5862068965517241,0.3793103448275862,2.1244431134652544,NaN,NaN,NaN
-0.5862068965517241,0.4482758620689655,2.209740492426147,NaN,NaN,NaN
-0.5862068965517241,0.5172413793103449,2.1497898808632057,NaN,NaN,NaN
-0.5862068965517241,0.5862068965517241,1.6684281035069592,NaN,NaN,NaN
-0.5862068965517241,0.6551724137931034,0.677100733961636,NaN,NaN,NaN
-0.5862068965517241,0.7241379310344828,-0.6390682344485834,NaN,NaN,NaN
-0.5862068965517241,0.7931034482758621,-2.475483935335247,NaN,NaN,NaN
-0.5862068965517241,0.8620689655172413,-4.85580287553897,NaN,NaN,NaN
-0.5862068965517241,0.9310344827586207,-7.737939488106896,NaN,NaN,NaN
-0.5172413793103449,-0.9310344827586207,-18.56915101855933,NaN,NaN,NaN
-0.5172413793103449,-0.8620689655172413,-16.907111257254222,NaN,NaN,NaN
-0.5172413793103449,-0.7931034482758621,-15.353743405761099,NaN,NaN,NaN
-0.5172413793103449,-0.7241379310344828,-13.834624497969548,NaN,NaN,NaN
-0.5172413793103449,-0.6551724137931034,-12.28327676969086,NaN,NaN,NaN
-0.5172413793103449,-0.5862068965517241,-11.069706362504887,NaN,NaN,NaN
-0.5172413793103449,-0.5172413793103449,-9.729477037259418,NaN,NaN,NaN
-0.5172413793103449,-0.4482758620689655,-8.433231803592124,NaN,NaN,NaN
-0.5172413793103449,-0.3793103448275862,-7.28324630314911,NaN,NaN,NaN
-0.5172413793103449,-0.3103448275862069,-6.165346086913784,NaN,NaN,NaN
-0.5172413793103449,-0.2413793103448276,-5.048588142242959,NaN,NaN,NaN
-0.5172413793103449,-0.1724137931034483,-4.01375728207168,NaN,NaN,NaN
-0.5172413793103449,-0.10344827586206896,-3.0221392755420555,NaN,NaN,NaN
-0.5172413793103449,-0.034482758620689655,-2.174293286823352,NaN,NaN,NaN
-0.5172413793103449,0.034482758620689655,-1.271545659164916,NaN,NaN,NaN
-0.5172413793103449,0.10344827586206896,-0.4874793750748802,NaN,NaN,NaN
-0.5172413793103449,0.1724137931034483,0.17477498785101905,NaN,NaN,NaN
-0.5172413793103449,0.2413793103448276,0.7635555976097781,NaN,NaN,NaN
-0.5172413793103449,0.3103448275862069,1.1897848701491713,NaN,NaN,NaN
-0.5172413793103449,0.3793103448275862,1.3858724611858524,NaN,NaN,NaN
-0.5172413793103449,0.4482758620689655,1.4235124033199336,NaN,NaN,NaN
-0.5172413793103449,0.5172413793103449,1.1697455906090384,NaN,NaN,NaN
-0.5172413793103449,0.5862068965517241,0.7550772237369403,NaN,NaN,NaN
-0.5172413793103449,0.6551724137931034,-0.2086999090534361,NaN,NaN,NaN
-0.5172413793103449,0.7241379310344828,-1.3144098882112485,NaN,NaN,NaN
-0.5172413793103449,0.7931034482758621,-2.922699359312616,NaN,NaN,NaN
-0.5172413793103449,0.8620689655172413,-4.913940975845544,NaN,NaN,NaN
-0.5172413793103449,0.9310344827586207,-7.217066729156491,NaN,NaN,NaN
-0.4482758620689655,-0.9310344827586207,-16.108027402694567,NaN,NaN,NaN
-0.4482758620689655,-0.8620689655172413,-14.779914009599167,NaN,NaN,NaN
-0.4482758620689655,-0.7931034482758621,-13.423080795000487,NaN,NaN,NaN
-0.4482758620689655,-0.7241379310344828,-12.060160804416483,NaN,NaN,NaN
-0.4482758620689655,-0.6551724137931034,-11.054329126531556,NaN,NaN,NaN
-0.4482758620689655,-0.5862068965517241,-9.760417236464296,NaN,NaN,NaN
-0.4482758620689655,-0.5172413793103449,-8.659684087756881,NaN,NaN,NaN
-0.4482758620689655,-0.4482758620689655,-7.547192314808217,NaN,NaN,NaN
-0.4482758620689655,-0.3793103448275862,-6.519481950192033,NaN,NaN,NaN
-0.4482758620689655,-0.3103448275862069,-5.5099647111524925,NaN,NaN,NaN
-0.4482758620689655,-0.2413793103448276,-4.569925994966782,NaN,NaN,NaN
-0.4482758620689655,-0.1724137931034483,-3.5996725836525734,NaN,NaN,NaN
-0.4482758620689655,-0.10344827586206896,-2.712508543314959,NaN,NaN,NaN
-0.4482758620689655,-0.034482758620689655,-1.9890718388098765,NaN,NaN,NaN
-0.4482758620689655,0.034482758620689655,-1.244778716778667,NaN,NaN,NaN
-0.4482758620689655,0.10344827586206896,-0.6687369482767246,NaN,NaN,NaN
-0.4482758620689655,0.1724137931034483,0.0018024097569792174,NaN,NaN,NaN
-0.4482758620689655,0.2413793103448276,0.43481463931197517,NaN,NaN,NaN
-0.4482758620689655,0.3103448275862069,0.6981462124287472,NaN,NaN,NaN
-0.4482758620689655,0.3793103448275862,0.8490745327512382,NaN,NaN,NaN
-0.4482758620689655,0.4482758620689655,0.8727340721530824,NaN,NaN,NaN
-0.4482758620689655,0.5172413793103449,0.5958493487623671,NaN,NaN,NaN
-0.4482758620689655,0.5862068965517241,0.11457994419988933,NaN,NaN,NaN
-0.4482758620689655,0.6551724137931034,-0.6673599484391938,NaN,NaN,NaN
-0.4482758620689655,0.7241379310344828,-1.6478419785658585,NaN,NaN,NaN
-0.4482758620689655,0.7931034482758621,-3.0352979959307738,NaN,NaN,NaN
-0.4482758620689655,0.8620689655172413,-4.6443380390863105,NaN,NaN,NaN
-0.4482758620689655,0.9310344827586207,-6.4936793444493475,NaN,NaN,NaN
-0.3793103448275862,-0.9310344827586207,-13.721316241060862,NaN,NaN,NaN
-0.3793103448275862,-0.8620689655172413,-12.659750187450877,NaN,NaN,NaN
-0.3793103448275862,-0.7931034482758621,-11.56934239652775,NaN,NaN,NaN
-0.3793103448275862,-0.7241379310344828,-10.470000878149369,NaN,NaN,NaN
-0.3793103448275862,-0.6551724137931034,-9.516962148739207,NaN,NaN,NaN
-0.3793103448275862,-0.5862068965517241,-8.429409873790021,NaN,NaN,NaN
-0.3793103448275862,-0.5172413793103449,-7.553958456600368,NaN,NaN,NaN
-0.3793103448275862,-0.4482758620689655,-6.690471694355862,NaN,NaN,NaN
-0.3793103448275862,-0.3793103448275862,-5.7203092932246955,NaN,NaN,NaN
-0.3793103448275862,-0.3103448275862069,-4.858694071119396,NaN,NaN,NaN
-0.3793103448275862,-0.2413793103448276,-4.067957571714755,NaN,NaN,NaN
-0.3793103448275862,-0.1724137931034483,-3.2712840910890213,NaN,NaN,NaN
-0.3793103448275862,-0.10344827586206896,-2.52466562202701,NaN,NaN,NaN
-0.3793103448275862,-0.034482758620689655,-1.9169635632469813,NaN,NaN,NaN
-0.3793103448275862,0.034482758620689655,-1.2546727473324577,NaN,NaN,NaN
-0.3793103448275862,0.10344827586206896,-0.6614979182628848,NaN,NaN,NaN
-0.3793103448275862,0.1724137931034483,-0.21049999421727636,NaN,NaN,NaN
-0.3793103448275862,0.2413793103448276,0.20110803575964636,NaN,NaN,NaN
-0.3793103448275862,0.3103448275862069,0.4754820136772028,NaN,NaN,NaN
-0.3793103448275862,0.3793103448275862,0.5721888083335156,NaN,NaN,NaN
-0.3793103448275862,0.4482758620689655,0.4984101818023211,NaN,NaN,NaN
-0.3793103448275862,0.5172413793103449,0.265687555372662,NaN,NaN,NaN
-0.3793103448275862,0.5862068965517241,-0.18741214363234465,NaN,NaN,NaN
-0.3793103448275862,0.6551724137931034,-0.7324515075256485,NaN,NaN,NaN
-0.3793103448275862,0.7241379310344828,-1.7222109828638748,NaN,NaN,NaN
-0.3793103448275862,0.7931034482758621,-2.8127883100035165,NaN,NaN,NaN
-0.3793103448275862,0.8620689655172413,-4.129621737081902,NaN,NaN,NaN
-0.3793103448275862,0.9310344827586207,-5.626793958269315,NaN,NaN,NaN
-0.3103448275862069,-0.9310344827586207,-11.287382645744241,NaN,NaN,NaN
-0.3103448275862069,-0.8620689655172413,-10.494037856438627,NaN,NaN,NaN
-0.3103448275862069,-0.7931034482758621,-9.607537210087871,NaN,NaN,NaN
-0.3103448275862069,-0.7241379310344828,-8.809868715356584,NaN,NaN,NaN
-0.3103448275862069,-0.6551724137931034,-7.988233135865864,NaN,NaN,NaN
-0.3103448275862069,-0.5862068965517241,-7.162798556930139,NaN,NaN,NaN
-0.3103448275862069,-0.5172413793103449,-6.385812748863727,NaN,NaN,NaN
-0.3103448275862069,-0.4482758620689655,-5.7043323080607005,NaN,NaN,NaN
-0.3103448275862069,-0.3793103448275862,-4.826793318184544,NaN,NaN,NaN
-0.3103448275862069,-0.3103448275862069,-4.203964556323481,NaN,NaN,NaN
-0.3103448275862069,-0.2413793103448276,-3.560356223878702,NaN,NaN,NaN
-0.3103448275862069,-0.1724137931034483,-2.892168039417492,NaN,NaN,NaN
-0.3103448275862069,-0.10344827586206896,-2.1695285057209572,NaN,NaN,NaN
-0.3103448275862069,-0.034482758620689655,-1.6132036088186326,NaN,NaN,NaN
-0.3103448275862069,0.034482758620689655,-1.0706519065072535,NaN,NaN,NaN
-0.3103448275862069,0.10344827586206896,-0.5717825780441833,NaN,NaN,NaN
-0.3103448275862069,0.1724137931034483,-0.19529565440976673,NaN,NaN,NaN
-0.3103448275862069,0.2413793103448276,0.0863072871033713,NaN,NaN,NaN
-0.3103448275862069,0.3103448275862069,0.3082677687154982,NaN,NaN,NaN
-0.3103448275862069,0.3793103448275862,0.4461197973028031,NaN,NaN,NaN
-0.3103448275862069,0.4482758620689655,0.30561538049524,NaN,NaN,NaN
-0.3103448275862069,0.5172413793103449,0.13444459812138712,NaN,NaN,NaN
-0.3103448275862069,0.5862068965517241,-0.27037940942588307,NaN,NaN,NaN
-0.3103448275862069,0.6551724137931034,-0.7661525302661876,NaN,NaN,NaN
-0.3103448275862069,0.7241379310344828,-1.5408855652479307,NaN,NaN,NaN
-0.3103448275862069,0.7931034482758621,-2.4319625075454505,NaN,NaN,NaN
-0.3103448275862069,0.8620689655172413,-3.4999630757980427,NaN,NaN,NaN
-0.3103448275862069,0.9310344827586207,-4.623202100172861,NaN,NaN,NaN
-0.2413793103448276,-0.9310344827586207,-8.884201060426658,NaN,NaN,NaN
-0.2413793103448276,-0.8620689655172413,-8.263035093773043,NaN,NaN,NaN
-0.2413793103448276,-0.7931034482758621,-7.583755898266188,NaN,NaN,NaN
-0.2413793103448276,-0.7241379310344828,-6.924449607355079,NaN,NaN,NaN
-0.2413793103448276,-0.6551724137931034,-6.4186847560848905,NaN,NaN,NaN
-0.2413793103448276,-0.5862068965517241,-5.804423325807897,NaN,NaN,NaN
-0.2413793103448276,-0.5172413793103449,-5.232253535263774,NaN,NaN,NaN
-0.2413793103448276,-0.4482758620689655,-4.592577125375014,NaN,NaN,NaN
-0.2413793103448276,-0.3793103448275862,-4.0121576572714,NaN,NaN,NaN
-0.2413793103448276,-0.3103448275862069,-3.47105678391882,NaN,NaN,NaN
-0.2413793103448276,-0.2413793103448276,-2.884675717810306,NaN,NaN,NaN
-0.2413793103448276,-0.1724137931034483,-2.437775543425688,NaN,NaN,NaN
-0.2413793103448276,-0.10344827586206896,-1.7954440233332645,NaN,NaN,NaN
-0.2413793103448276,-0.034482758620689655,-1.2867726989729857,NaN,NaN,NaN
-0.2413793103448276,0.034482758620689655,-0.8737926781319807,NaN,NaN,NaN
-0.2413793103448276,0.10344827586206896,-0.4817231039406325,NaN,NaN,NaN
-0.2413793103448276,0.1724137931034483,-0.10644926125016022,NaN,NaN,NaN
-0.2413793103448276,0.2413793103448276,0.15370963753931038,NaN,NaN,NaN
-0.2413793103448276,0.3103448275862069,0.23273076231184248,NaN,NaN,NaN
-0.2413793103448276,0.3793103448275862,0.3418062754155182,NaN,NaN,NaN
-0.2413793103448276,0.4482758620689655,0.33897178885283397,NaN,NaN,NaN
-0.2413793103448276,0.5172413793103449,0.17098263201073433,NaN,NaN,NaN
-0.2413793103448276,0.5862068965517241,-0.2117535638727069,NaN,NaN,NaN
-0.2413793103448276,0.6551724137931034,-0.6011008861779186,NaN,NaN,NaN
-0.2413793103448276,0.7241379310344828,-1.145606466081016,NaN,NaN,NaN
-0.2413793103448276,0.7931034482758621,-1.8477278694398547,NaN,NaN,NaN
-0.2413793103448276,0.8620689655172413,-2.720128047998669,NaN,NaN,NaN
-0.2413793103448276,0.9310344827586207,-3.628951516680684,NaN,NaN,NaN
-0.1724137931034483,-0.9310344827586207,-6.3412627482165815,NaN,NaN,NaN
-0.1724137931034483,-0.8620689655172413,-6.013142886702636,NaN,NaN,NaN
-0.1724137931034483,-0.7931034482758621,-5.5562962262786755,NaN,NaN,NaN
-0.1724137931034483,-0.7241379310344828,-5.280486040675327,NaN,NaN,NaN
-0.1724137931034483,-0.6551724137931034,-4.745448641397661,NaN,NaN,NaN
-0.1724137931034483,-0.5862068965517241,-4.368133602955098,NaN,NaN,NaN
-0.1724137931034483,-0.5172413793103449,-4.028517747228164,NaN,NaN,NaN
-0.1724137931034483,-0.4482758620689655,-3.5894527266238354,NaN,NaN,NaN
-0.1724137931034483,-0.3793103448275862,-3.1566631554570574,NaN,NaN,NaN
-0.1724137931034483,-0.3103448275862069,-2.715698510356334,NaN,NaN,NaN
-0.1724137931034483,-0.2413793103448276,-2.258230780286442,NaN,NaN,NaN
-0.1724137931034483,-0.1724137931034483,-1.9069144417612491,NaN,NaN,NaN
-0.1724137931034483,-0.10344827586206896,-1.407170535308943,NaN,NaN,NaN
-0.1724137931034483,-0.034482758620689655,-0.9500143036405753,NaN,NaN,NaN
-0.1724137931034483,0.034482758620689655,-0.5525503407291581,NaN,NaN,NaN
-0.1724137931034483,0.10344827586206896,-0.28125908715073106,NaN,NaN,NaN
-0.1724137931034483,0.1724137931034483,0.018920681579726584,NaN,NaN,NaN
-0.1724137931034483,0.2413793103448276,0.21239592936830448,NaN,NaN,NaN
-0.1724137931034483,0.3103448275862069,0.37892180482819915,NaN,NaN,NaN
-0.1724137931034483,0.3793103448275862,0.4562220874192063,NaN,NaN,NaN
-0.1724137931034483,0.4482758620689655,0.3785692412121298,NaN,NaN,NaN
-0.1724137931034483,0.5172413793103449,0.31386004780850735,NaN,NaN,NaN
-0.1724137931034483,0.5862068965517241,0.08352217477433979,NaN,NaN,NaN
-0.1724137931034483,0.6551724137931034,-0.2687123892699635,NaN,NaN,NaN
-0.1724137931034483,0.7241379310344828,-0.6975761142899876,NaN,NaN,NaN
-0.1724137931034483,0.7931034482758621,-1.203734793089453,NaN,NaN,NaN
-0.1724137931034483,0.8620689655172413,-1.836940350748725,NaN,NaN,NaN
-0.1724137931034483,0.9310344827586207,-2.5594132067571937,NaN,NaN,NaN
-0.10344827586206896,-0.9310344827586207,-3.9846104825495496,NaN,NaN,NaN
-0.10344827586206896,-0.8620689655172413,-3.830093978563685,NaN,NaN,NaN
-0.10344827586206896,-0.7931034482758621,-3.6942018080413015,NaN,NaN,NaN
-0.10344827586206896,-0.7241379310344828,-3.4871274000828065,NaN,NaN,NaN
-0.10344827586206896,-0.6551724137931034,-3.2319709900276385,NaN,NaN,NaN
-0.10344827586206896,-0.5862068965517241,-3.091682584243458,NaN,NaN,NaN
-0.10344827586206896,-0.5172413793103449,-2.8858240587080646,NaN,NaN,NaN
-0.10344827586206896,-0.4482758620689655,-2.5867601586559323,NaN,NaN,NaN
-0.10344827586206896,-0.3793103448275862,-2.2363303060388082,NaN,NaN,NaN
-0.10344827586206896,-0.3103448275862069,-1.992884082615232,NaN,NaN,NaN
-0.10344827586206896,-0.2413793103448276,-1.6008953512158512,NaN,NaN,NaN
-0.10344827586206896,-0.1724137931034483,-1.3541823842088125,NaN,NaN,NaN
-0.10344827586206896,-0.10344827586206896,-0.9439879422596661,NaN,NaN,NaN
-0.10344827586206896,-0.034482758620689655,-0.6045214269471104,NaN,NaN,NaN
-0.10344827586206896,0.034482758620689655,-0.3293565744291905,NaN,NaN,NaN
-0.10344827586206896,0.10344827586206896,-0.06664917190215362,NaN,NaN,NaN
-0.10344827586206896,0.1724137931034483,0.1893788377456788,NaN,NaN,NaN
-0.10344827586206896,0.2413793103448276,0.3745099913489821,NaN,NaN,NaN
-0.10344827586206896,0.3103448275862069,0.5338898122196526,NaN,NaN,NaN
-0.10344827586206896,0.3793103448275862,0.5420607394657238,NaN,NaN,NaN
-0.10344827586206896,0.4482758620689655,0.6981499474030731,NaN,NaN,NaN
-0.10344827586206896,0.5172413793103449,0.5841617682391278,NaN,NaN,NaN
-0.10344827586206896,0.5862068965517241,0.4192969448377327,NaN,NaN,NaN
-0.10344827586206896,0.6551724137931034,0.17051928022325477,NaN,NaN,NaN
-0.10344827586206896,0.7241379310344828,-0.09847091702768411,NaN,NaN,NaN
-0.10344827586206896,0.7931034482758621,-0.49434191124771754,NaN,NaN,NaN
-0.10344827586206896,0.8620689655172413,-0.898020682198126,NaN,NaN,NaN
-0.10344827586206896,0.9310344827586207,-1.411336992235769,NaN,NaN,NaN
-0.034482758620689655,-0.9310344827586207,-1.502550299172778,NaN,NaN,NaN
-0.034482758620689655,-0.8620689655172413,-1.641189620699206,NaN,NaN,NaN
-0.034482758620689655,-0.7931034482758621,-1.7002252158383904,NaN,NaN,NaN
-0.034482758620689655,-0.7241379310344828,-1.7282441008683285,NaN,NaN,NaN
-0.034482758620689655,-0.6551724137931034,-1.7304647156196,NaN,NaN,NaN
-0.034482758620689655,-0.5862068965517241,-1.7238844728701728,NaN,NaN,NaN
-0.034482758620689655,-0.5172413793103449,-1.6797439894600346,NaN,NaN,NaN
-0.034482758620689655,-0.4482758620689655,-1.5830456592436475,NaN,NaN,NaN
-0.034482758620689655,-0.3793103448275862,-1.3505212716843178,NaN,NaN,NaN
-0.034482758620689655,-0.3103448275862069,-1.355193161467027,NaN,NaN,NaN
-0.034482758620689655,-0.2413793103448276,-1.0162304180967534,NaN,NaN,NaN
-0.034482758620689655,-0.1724137931034483,-0.8202054461296229,NaN,NaN,NaN
-0.034482758620689655,-0.10344827586206896,-0.4971098465033311,NaN,NaN,NaN
-0.034482758620689655,-0.034482758620689655,-0.2950018285994447,NaN,NaN,NaN
-0.034482758620689655,0.034482758620689655,-0.026901632427190965,NaN,NaN,NaN
-0.034482758620689655,0.10344827586206896,0.16664591403767243,NaN,NaN,NaN
-0.034482758620689655,0.1724137931034483,0.44860312770848126,NaN,NaN,NaN
-0.034482758620689655,0.2413793103448276,0.5553418178135835,NaN,NaN,NaN
-0.034482758620689655,0.3103448275862069,0.7596307229600706,NaN,NaN,NaN
-0.034482758620689655,0.3793103448275862,0.8406025001169434,NaN,NaN,NaN
-0.034482758620689655,0.4482758620689655,0.9027518364833969,NaN,NaN,NaN
-0.034482758620689655,0.5172413793103449,0.9153004689961671,NaN,NaN,NaN
-0.034482758620689655,0.5862068965517241,0.8421370340148592,NaN,NaN,NaN
-0.034482758620689655,0.6551724137931034,0.7708859201765191,NaN,NaN,NaN
-0.034482758620689655,0.7241379310344828,0.5133492299798482,NaN,NaN,NaN
-0.034482758620689655,0.7931034482758621,0.3190475585400171,NaN,NaN,NaN
-0.034482758620689655,0.8620689655172413,0.023147075182212505,NaN,NaN,NaN
-0.034482758620689655,0.9310344827586207,-0.26612594404855644,NaN,NaN,NaN
0.034482758620689655,-0.9310344827586207,0.9263989446765892,NaN,NaN,NaN
0.034482758620689655,-0.8620689655172413,0.5248378261173469,NaN,NaN,NaN
0.034482758620689655,-0.7931034482758621,0.2833800467971859,NaN,NaN,NaN
0.034482758620689655,-0.7241379310344828,-0.07926503599213958,NaN,NaN,NaN
0.034482758620689655,-0.6551724137931034,-0.38603383544644565,NaN,NaN,NaN
0.034482758620689655,-0.5862068965517241,-0.4782436851668363,NaN,NaN,NaN
0.034482758620689655,-0.5172413793103449,-0.5705732058223799,NaN,NaN,NaN
0.034482758620689655,-0.4482758620689655,-0.6038992065876131,NaN,NaN,NaN
0.034482758620689655,-0.3793103448275862,-0.6009356456825241,NaN,NaN,NaN
0.034482758620689655,-0.3103448275862069,-0.6130737240965167,NaN,NaN,NaN
0.034482758620689655,-0.2413793103448276,-0.48225769698510995,NaN,NaN,NaN
0.034482758620689655,-0.1724137931034483,-0.2658268889172818,NaN,NaN,NaN
0.034482758620689655,-0.10344827586206896,-0.12693501491929987,NaN,NaN,NaN
0.034482758620689655,-0.034482758620689655,0.056317570914853586,NaN,NaN,NaN
0.034482758620689655,0.034482758620689655,0.199741430484583,NaN,NaN,NaN
0.034482758620689655,0.10344827586206896,0.46847740167264507,NaN,NaN,NaN
0.034482758620689655,0.1724137931034483,0.6779059559106068,NaN,NaN,NaN
0.034482758620689655,0.2413793103448276,0.8138295338088406,NaN,NaN,NaN
0.034482758620689655,0.3103448275862069,1.0054731136300652,NaN,NaN,NaN
0.034482758620689655,0.3793103448275862,1.1537841898603216,NaN,NaN,NaN
0.034482758620689655,0.4482758620689655,1.253262352416241,NaN,NaN,NaN
0.034482758620689655,0.5172413793103449,1.3284695241249895,NaN,NaN,NaN
0.034482758620689655,0.5862068965517241,1.4132494420690318,NaN,NaN,NaN
0.034482758620689655,0.6551724137931034,1.324599134611454,NaN,NaN,NaN
0.034482758620689655,0.7241379310344828,1.2547002559762896,NaN,NaN,NaN
0.034482758620689655,0.7931034482758621,1.1461915962991003,NaN,NaN,NaN
0.034482758620689655,0.8620689655172413,1.0224882581041672,NaN,NaN,NaN
0.034482758620689655,0.9310344827586207,0.9022619258740298,NaN,NaN,NaN
0.10344827586206896,-0.9310344827586207,3.3356622495349044,NaN,NaN,NaN
0.10344827586206896,-0.8620689655172413,2.670111977322789,NaN,NaN,NaN
0.10344827586206896,-0.7931034482758621,2.0261602588390994,NaN,NaN,NaN
0.10344827586206896,-0.7241379310344828,1.5859823593699076,NaN,NaN,NaN
0.10344827586206896,-0.6551724137931034,1.1086920011629662,NaN,NaN,NaN
0.10344827586206896,-0.5862068965517241,0.717054418814265,NaN,NaN,NaN
0.10344827586206896,-0.5172413793103449,0.47267216650626154,NaN,NaN,NaN
0.10344827586206896,-0.4482758620689655,0.3184160572218946,NaN,NaN,NaN
0.10344827586206896,-0.3793103448275862,0.18783279442038164,NaN,NaN,NaN
0.10344827586206896,-0.3103448275862069,0.1481659744938129,NaN,NaN,NaN
0.10344827586206896,-0.2413793103448276,0.14433185536228202,NaN,NaN,NaN
0.10344827586206896,-0.1724137931034483,0.23256935565298695,NaN,NaN,NaN
0.10344827586206896,-0.10344827586206896,0.33731291352569953,NaN,NaN,NaN
0.10344827586206896,-0.034482758620689655,0.40887537706364097,NaN,NaN,NaN
0.10344827586206896,0.034482758620689655,0.5476555466363221,NaN,NaN,NaN
0.10344827586206896,0.10344827586206896,0.7747829989455168,NaN,NaN,NaN
0.10344827586206896,0.1724137931034483,0.9929766492426386,NaN,NaN,NaN
0.10344827586206896,0.2413793103448276,1.1388066838701836,NaN,NaN,NaN
0.10344827586206896,0.3103448275862069,1.3446928408538203,NaN,NaN,NaN
0.10344827586206896,0.3793103448275862,1.5098308839734238,NaN,NaN,NaN
0.10344827586206896,0.4482758620689655,1.6063864458555854,NaN,NaN,NaN
0.10344827586206896,0.5172413793103449,1.7537103850383964,NaN,NaN,NaN
0.10344827586206896,0.5862068965517241,1.908059235359925,NaN,NaN,NaN
0.10344827586206896,0.6551724137931034,1.9590135452379784,NaN,NaN,NaN
0.10344827586206896,0.7241379310344828,2.0197822111524437,NaN,NaN,NaN
0.10344827586206896,0.7931034482758621,2.0561246909503903,NaN,NaN,NaN
0.10344827586206896,0.8620689655172413,2.0381994490312696,NaN,NaN,NaN
0.10344827586206896,0.9310344827586207,2.089621965667063,NaN,NaN,NaN
0.1724137931034483,-0.9310344827586207,5.701069016414323,NaN,NaN,NaN
0.1724137931034483,-0.8620689655172413,4.756096200867442,NaN,NaN,NaN
0.1724137931034483,-0.7931034482758621,3.886109378342597,NaN,NaN,NaN
0.1724137931034483,-0.7241379310344828,3.12092364252128,NaN,NaN,NaN
0.1724137931034483,-0.6551724137931034,2.487763563042475,NaN,NaN,NaN
0.1724137931034483,-0.5862068965517241,1.9131243512451914,NaN,NaN,NaN
0.1724137931034483,-0.5172413793103449,1.4494317955954559,NaN,NaN,NaN
0.1724137931034483,-0.4482758620689655,1.084619925832488,NaN,NaN,NaN
0.1724137931034483,-0.3793103448275862,0.9207038717335992,NaN,NaN,NaN
0.1724137931034483,-0.3103448275862069,0.6537027711001218,NaN,NaN,NaN
0.1724137931034483,-0.2413793103448276,0.6003249788281977,NaN,NaN,NaN
0.1724137931034483,-0.1724137931034483,0.5823337656640744,NaN,NaN,NaN
0.1724137931034483,-0.10344827586206896,0.6961413857014388,NaN,NaN,NaN
0.1724137931034483,-0.034482758620689655,0.7625934470087234,NaN,NaN,NaN
0.1724137931034483,0.034482758620689655,0.9036080305877029,NaN,NaN,NaN
0.1724137931034483,0.10344827586206896,1.0856664897685273,NaN,NaN,NaN
0.1724137931034483,0.1724137931034483,1.2664966030149047,NaN,NaN,NaN
0.1724137931034483,0.2413793103448276,1.4938125876357549,NaN,NaN,NaN
0.1724137931034483,0.3103448275862069,1.6214033821167084,NaN,NaN,NaN
0.1724137931034483,0.3793103448275862,1.804704925296739,NaN,NaN,NaN
0.1724137931034483,0.4482758620689655,2.0847361263579343,NaN,NaN,NaN
0.1724137931034483,0.5172413793103449,2.2258680306038165,NaN,NaN,NaN
0.1724137931034483,0.5862068965517241,2.461257412702215,NaN,NaN,NaN
0.1724137931034483,0.6551724137931034,2.6229417308850143,NaN,NaN,NaN
0.1724137931034483,0.7241379310344828,2.7554653591606177,NaN,NaN,NaN
0.1724137931034483,0.7931034482758621,2.9835053249548844,NaN,NaN,NaN
0.1724137931034483,0.8620689655172413,3.11474730210882,NaN,NaN,NaN
0.1724137931034483,0.9310344827586207,3.24540064846013,NaN,NaN,NaN
0.2413793103448276,-0.9310344827586207,7.9911773457898665,NaN,NaN,NaN
0.2413793103448276,-0.8620689655172413,6.801690835518835,NaN,NaN,NaN
0.2413793103448276,-0.7931034482758621,5.6495849175874095,NaN,NaN,NaN
0.2413793103448276,-0.7241379310344828,4.594846709875741,NaN,NaN,NaN
0.2413793103448276,-0.6551724137931034,3.6850927456160854,NaN,NaN,NaN
0.2413793103448276,-0.5862068965517241,2.8658225071085055,NaN,NaN,NaN
0.2413793103448276,-0.5172413793103449,2.1922080319160187,NaN,NaN,NaN
0.2413793103448276,-0.4482758620689655,1.7962176190270216,NaN,NaN,NaN
0.2413793103448276,-0.3793103448275862,1.3794540030664844,NaN,NaN,NaN
0.2413793103448276,-0.3103448275862069,1.13629927832145,NaN,NaN,NaN
0.2413793103448276,-0.2413793103448276,0.9830437219572061,NaN,NaN,NaN
0.2413793103448276,-0.1724137931034483,0.9212464290213273,NaN,NaN,NaN
0.2413793103448276,-0.10344827586206896,0.9834809957214293,NaN,NaN,NaN
0.2413793103448276,-0.034482758620689655,1.021126770730318,NaN,NaN,NaN
0.2413793103448276,0.034482758620689655,1.150332625516761,NaN,NaN,NaN
0.2413793103448276,0.10344827586206896,1.3185198058623206,NaN,NaN,NaN
0.2413793103448276,0.1724137931034483,1.5650459875150553,NaN,NaN,NaN
0.2413793103448276,0.2413793103448276,1.7923816373473058,NaN,NaN,NaN
0.2413793103448276,0.3103448275862069,2.0003270463827727,NaN,NaN,NaN
0.2413793103448276,0.3793103448275862,2.2556473466093374,NaN,NaN,NaN
0.2413793103448276,0.4482758620689655,2.443768729452628,NaN,NaN,NaN
0.2413793103448276,0.5172413793103449,2.732508889945683,NaN,NaN,NaN
0.2413793103448276,0.5862068965517241,3.0012494421106903,NaN,NaN,NaN
0.2413793103448276,0.6551724137931034,3.3090407802252235,NaN,NaN,NaN
0.2413793103448276,0.7241379310344828,3.537652902726736,NaN,NaN,NaN
0.2413793103448276,0.7931034482758621,3.874892820648167,NaN,NaN,NaN
0.2413793103448276,0.8620689655172413,4.169327823638958,NaN,NaN,NaN
0.2413793103448276,0.9310344827586207,4.45857252408248,NaN,NaN,NaN
0.3103448275862069,-0.9310344827586207,10.334822254245239,NaN,NaN,NaN
0.3103448275862069,-0.8620689655172413,8.805354911978835,NaN,NaN,NaN
0.3103448275862069,-0.7931034482758621,7.327189040914938,NaN,NaN,NaN
0.3103448275862069,-0.7241379310344828,5.902588834588544,NaN,NaN,NaN
0.3103448275862069,-0.6551724137931034,4.828563065677136,NaN,NaN,NaN
0.3103448275862069,-0.5862068965517241,3.8485541000827075,NaN,NaN,NaN
0.3103448275862069,-0.5172413793103449,2.930422423366064,NaN,NaN,NaN
0.3103448275862069,-0.4482758620689655,2.3308867810262557,NaN,NaN,NaN
0.3103448275862069,-0.3793103448275862,1.8172012795479469,NaN,NaN,NaN
0.3103448275862069,-0.3103448275862069,1.5264294184758849,NaN,NaN,NaN
0.3103448275862069,-0.2413793103448276,1.3917811133914941,NaN,NaN,NaN
0.3103448275862069,-0.1724137931034483,1.2807458081985883,NaN,NaN,NaN
0.3103448275862069,-0.10344827586206896,1.2250729937697957,NaN,NaN,NaN
0.3103448275862069,-0.034482758620689655,1.3067524976661713,NaN,NaN,NaN
0.3103448275862069,0.034482758620689655,1.4165688198915993,NaN,NaN,NaN
0.3103448275862069,0.10344827586206896,1.535168577206885,NaN,NaN,NaN
0.3103448275862069,0.1724137931034483,1.7777206133976144,NaN,NaN,NaN
0.3103448275862069,0.2413793103448276,2.011490849300672,NaN,NaN,NaN
0.3103448275862069,0.3103448275862069,2.2843689713193376,NaN,NaN,NaN
0.3103448275862069,0.3793103448275862,2.5549383486450807,NaN,NaN,NaN
0.3103448275862069,0.4482758620689655,2.862498468912168,NaN,NaN,NaN
0.3103448275862069,0.5172413793103449,3.1907489202980885,NaN,NaN,NaN
0.3103448275862069,0.5862068965517241,3.5459825485994556,NaN,NaN,NaN
0.3103448275862069,0.6551724137931034,3.9766937582978508,NaN,NaN,NaN
0.3103448275862069,0.7241379310344828,4.3452460608584,NaN,NaN,NaN
0.3103448275862069,0.7931034482758621,4.742682120028798,NaN,NaN,NaN
0.3103448275862069,0.8620689655172413,5.172525395955796,NaN,NaN,NaN
0.3103448275862069,0.9310344827586207,5.6142309581696335,NaN,NaN,NaN
0.3793103448275862,-0.9310344827586207,12.564434382207288,NaN,NaN,NaN
0.3793103448275862,-0.8620689655172413,10.546155891111813,NaN,NaN,NaN
0.3793103448275862,-0.7931034482758621,8.752587792192553,NaN,NaN,NaN
0.3793103448275862,-0.7241379310344828,7.133035871725364,NaN,NaN,NaN
0.3793103448275862,-0.6551724137931034,5.786021294394306,NaN,NaN,NaN
0.3793103448275862,-0.5862068965517241,4.538048712244918,NaN,NaN,NaN
0.3793103448275862,-0.5172413793103449,3.5938625029873754,NaN,NaN,NaN
0.3793103448275862,-0.4482758620689655,2.8273339096722636,NaN,NaN,NaN
0.3793103448275862,-0.3793103448275862,2.282360454661576,NaN,NaN,NaN
0.3793103448275862,-0.3103448275862069,1.8572691785612065,NaN,NaN,NaN
0.3793103448275862,-0.2413793103448276,1.5284511935122702,NaN,NaN,NaN
0.3793103448275862,-0.1724137931034483,1.4451717746703494,NaN,NaN,NaN
0.3793103448275862,-0.10344827586206896,1.3933584696760883,NaN,NaN,NaN
0.3793103448275862,-0.034482758620689655,1.5038300943471152,NaN,NaN,NaN
0.3793103448275862,0.034482758620689655,1.5751284985983174,NaN,NaN,NaN
0.3793103448275862,0.10344827586206896,1.7533404199777256,NaN,NaN,NaN
0.3793103448275862,0.1724137931034483,1.9341979204663038,NaN,NaN,NaN
0.3793103448275862,0.2413793103448276,2.221545813612935,NaN,NaN,NaN
0.3793103448275862,0.3103448275862069,2.554454071718404,NaN,NaN,NaN
0.3793103448275862,0.3793103448275862,2.875023291788259,NaN,NaN,NaN
0.3793103448275862,0.4482758620689655,3.2491855965975054,NaN,NaN,NaN
0.3793103448275862,0.5172413793103449,3.6886613046287993,NaN,NaN,NaN
0.3793103448275862,0.5862068965517241,4.145337566809871,NaN,NaN,NaN
0.3793103448275862,0.6551724137931034,4.604671564713817,NaN,NaN,NaN
0.3793103448275862,0.7241379310344828,5.119511203324167,NaN,NaN,NaN
0.3793103448275862,0.7931034482758621,5.637339034733487,NaN,NaN,NaN
0.3793103448275862,0.8620689655172413,6.2155902660595235,NaN,NaN,NaN
0.3793103448275862,0.9310344827586207,6.812153610800133,NaN,NaN,NaN
0.4482758620689655,-0.9310344827586207,14.654963823430066,NaN,NaN,NaN
0.4482758620689655,-0.8620689655172413,12.29409933515055,NaN,NaN,NaN
0.4482758620689655,-0.7931034482758621,10.0181369448857,NaN,NaN,NaN
0.4482758620689655,-0.7241379310344828,8.073780615508445,NaN,NaN,NaN
0.4482758620689655,-0.6551724137931034,6.366199900482764,NaN,NaN,NaN
0.4482758620689655,-0.5862068965517241,5.0141224618527165,NaN,NaN,NaN
0.4482758620689655,-0.5172413793103449,3.9166217835561943,NaN,NaN,NaN
0.4482758620689655,-0.4482758620689655,3.056402846021408,NaN,NaN,NaN
0.4482758620689655,-0.3793103448275862,2.4828374908263156,NaN,NaN,NaN
0.4482758620689655,-0.3103448275862069,2.0489332949583825,NaN,NaN,NaN
0.4482758620689655,-0.2413793103448276,1.74289187775544,NaN,NaN,NaN
0.4482758620689655,-0.1724137931034483,1.5364720368586011,NaN,NaN,NaN
0.4482758620689655,-0.10344827586206896,1.510020266863083,NaN,NaN,NaN
0.4482758620689655,-0.034482758620689655,1.5360986704459596,NaN,NaN,NaN
0.4482758620689655,0.034482758620689655,1.6358771831781922,NaN,NaN,NaN
0.4482758620689655,0.10344827586206896,1.9288774721646547,NaN,NaN,NaN
0.4482758620689655,0.1724137931034483,2.1196879934490185,NaN,NaN,NaN
0.4482758620689655,0.2413793103448276,2.440904616655542,NaN,NaN,NaN
0.4482758620689655,0.3103448275862069,2.8071889612144636,NaN,NaN,NaN
0.4482758620689655,0.3793103448275862,3.2110564550431704,NaN,NaN,NaN
0.4482758620689655,0.4482758620689655,3.6706632647677173,NaN,NaN,NaN
0.4482758620689655,0.5172413793103449,4.103734338931568,NaN,NaN,NaN
0.4482758620689655,0.5862068965517241,4.611078538730202,NaN,NaN,NaN
0.4482758620689655,0.6551724137931034,5.2095847831250275,NaN,NaN,NaN
0.4482758620689655,0.7241379310344828,5.7986225171405055,NaN,NaN,NaN
0.4482758620689655,0.7931034482758621,6.496604081735407,NaN,NaN,NaN
0.4482758620689655,0.8620689655172413,7.2091076962748275,NaN,NaN,NaN
0.4482758620689655,0.9310344827586207,7.983364944113511,NaN,NaN,NaN
0.5172413793103449,-0.9310344827586207,16.673174473105774,NaN,NaN,NaN
0.5172413793103449,-0.8620689655172413,13.654498341405201,NaN,NaN,NaN
0.5172413793103449,-0.7931034482758621,10.996092919987808,NaN,NaN,NaN
0.5172413793103449,-0.7241379310344828,8.783233732200738,NaN,NaN,NaN
0.5172413793103449,-0.6551724137931034,6.829688415322748,NaN,NaN,NaN
0.5172413793103449,-0.5862068965517241,5.2870089957949915,NaN,NaN,NaN
0.5172413793103449,-0.5172413793103449,4.07369367266131,NaN,NaN,NaN
0.5172413793103449,-0.4482758620689655,3.0850881640146213,NaN,NaN,NaN
0.5172413793103449,-0.3793103448275862,2.4512607315031945,NaN,NaN,NaN
0.5172413793103449,-0.3103448275862069,2.019335385682755,NaN,NaN,NaN
0.5172413793103449,-0.2413793103448276,1.7118064090972704,NaN,NaN,NaN
0.5172413793103449,-0.1724137931034483,1.5963701355692166,NaN,NaN,NaN
0.5172413793103449,-0.10344827586206896,1.5277258427316922,NaN,NaN,NaN
0.5172413793103449,-0.034482758620689655,1.6205380047043838,NaN,NaN,NaN
0.5172413793103449,0.034482758620689655,1.7766885038399374,NaN,NaN,NaN
0.5172413793103449,0.10344827586206896,2.064375056799734,NaN,NaN,NaN
0.5172413793103449,0.1724137931034483,2.2742361063696914,NaN,NaN,NaN
0.5172413793103449,0.2413793103448276,2.5984921285917926,NaN,NaN,NaN
0.5172413793103449,0.3103448275862069,3.070415841721629,NaN,NaN,NaN
0.5172413793103449,0.3793103448275862,3.3977663747147977,NaN,NaN,NaN
0.5172413793103449,0.4482758620689655,3.9487485296030718,NaN,NaN,NaN
0.5172413793103449,0.5172413793103449,4.470147993370954,NaN,NaN,NaN
0.5172413793103449,0.5862068965517241,5.057724375994698,NaN,NaN,NaN
0.5172413793103449,0.6551724137931034,5.730889293948879,NaN,NaN,NaN
0.5172413793103449,0.7241379310344828,6.513555319580277,NaN,NaN,NaN
0.5172413793103449,0.7931034482758621,7.282143258022539,NaN,NaN,NaN
0.5172413793103449,0.8620689655172413,8.166925568250855,NaN,NaN,NaN
0.5172413793103449,0.9310344827586207,9.093436841948565,NaN,NaN,NaN
0.5862068965517241,-0.9310344827586207,18.445234965681955,NaN,NaN,NaN
0.5862068965517241,-0.8620689655172413,14.800918765408477,NaN,NaN,NaN
0.5862068965517241,-0.7931034482758621,11.513789242441343,NaN,NaN,NaN
0.5862068965517241,-0.7241379310344828,8.97205921055026,NaN,NaN,NaN
0.5862068965517241,-0.6551724137931034,6.794693496425874,NaN,NaN,NaN
0.5862068965517241,-0.5862068965517241,5.090898691185097,NaN,NaN,NaN
0.5862068965517241,-0.5172413793103449,3.8963292784713324,NaN,NaN,NaN
0.5862068965517241,-0.4482758620689655,2.9238522923995083,NaN,NaN,NaN
0.5862068965517241,-0.3793103448275862,2.2418750441405626,NaN,NaN,NaN
0.5862068965517241,-0.3103448275862069,1.702636864644759,NaN,NaN,NaN
0.5862068965517241,-0.2413793103448276,1.512502150476633,NaN,NaN,NaN
0.5862068965517241,-0.1724137931034483,1.413386133028166,NaN,NaN,NaN
0.5862068965517241,-0.10344827586206896,1.3970874898078451,NaN,NaN,NaN
0.5862068965517241,-0.034482758620689655,1.5862686274749584,NaN,NaN,NaN
0.5862068965517241,0.034482758620689655,1.7077519394091625,NaN,NaN,NaN
0.5862068965517241,0.10344827586206896,2.019567611775486,NaN,NaN,NaN
0.5862068965517241,0.1724137931034483,2.365579561349059,NaN,NaN,NaN
0.5862068965517241,0.2413793103448276,2.752389519085747,NaN,NaN,NaN
0.5862068965517241,0.3103448275862069,3.1681447883340357,NaN,NaN,NaN
0.5862068965517241,0.3793103448275862,3.6398598543594245,NaN,NaN,NaN
0.5862068965517241,0.4482758620689655,4.202569035741002,NaN,NaN,NaN
0.5862068965517241,0.5172413793103449,4.791937479506523,NaN,NaN,NaN
0.5862068965517241,0.5862068965517241,5.461153775055751,NaN,NaN,NaN
0.5862068965517241,0.6551724137931034,6.256961444111114,NaN,NaN,NaN
0.5862068965517241,0.7241379310344828,7.049832457738719,NaN,NaN,NaN
0.5862068965517241,0.7931034482758621,8.068582003951096,NaN,NaN,NaN
0.5862068965517241,0.8620689655172413,9.070536904026067,NaN,NaN,NaN
0.5862068965517241,0.9310344827586207,10.18322980650365,NaN,NaN,NaN
0.6551724137931034,-0.9310344827586207,19.937978603038154,NaN,NaN,NaN
0.6551724137931034,-0.8620689655172413,15.44525929479994,NaN,NaN,NaN
0.6551724137931034,-0.7931034482758621,11.581759965044471,NaN,NaN,NaN
0.6551724137931034,-0.7241379310344828,8.770799303711904,NaN,NaN,NaN
0.6551724137931034,-0.6551724137931034,6.3583095726387855,NaN,NaN,NaN
0.6551724137931034,-0.5862068965517241,4.677530644376934,NaN,NaN,NaN
0.6551724137931034,-0.5172413793103449,3.2559203577015765,NaN,NaN,NaN
0.6551724137931034,-0.4482758620689655,2.4444984506678606,NaN,NaN,NaN
0.6551724137931034,-0.3793103448275862,1.8137828691959306,NaN,NaN,NaN
0.6551724137931034,-0.3103448275862069,1.4156041043233138,NaN,NaN,NaN
0.6551724137931034,-0.2413793103448276,1.2258057649520868,NaN,NaN,NaN
0.6551724137931034,-0.1724137931034483,1.2490204550756983,NaN,NaN,NaN
0.6551724137931034,-0.10344827586206896,1.2391743334929055,NaN,NaN,NaN
0.6551724137931034,-0.034482758620689655,1.3975998571659667,NaN,NaN,NaN
0.6551724137931034,0.034482758620689655,1.707032975573463,NaN,NaN,NaN
0.6551724137931034,0.10344827586206896,1.9536456871460541,NaN,NaN,NaN
0.6551724137931034,0.1724137931034483,2.343335064690052,NaN,NaN,NaN
0.6551724137931034,0.2413793103448276,2.763519168780765,NaN,NaN,NaN
0.6551724137931034,0.3103448275862069,3.291757583949346,NaN,NaN,NaN
0.6551724137931034,0.3793103448275862,3.875699749675981,NaN,NaN,NaN
0.6551724137931034,0.4482758620689655,4.3747198919320525,NaN,NaN,NaN
0.6551724137931034,0.5172413793103449,5.025414830634964,NaN,NaN,NaN
0.6551724137931034,0.5862068965517241,5.7982563337585,NaN,NaN,NaN
0.6551724137931034,0.6551724137931034,6.623114695184573,NaN,NaN,NaN
0.6551724137931034,0.7241379310344828,7.56747741175312,NaN,NaN,NaN
0.6551724137931034,0.7931034482758621,8.641384003099907,NaN,NaN,NaN
0.6551724137931034,0.8620689655172413,9.88626479488568,NaN,NaN,NaN
0.6551724137931034,0.9310344827586207,11.21227150844803,NaN,NaN,NaN
0.7241379310344828,-0.9310344827586207,20.820178595765043,NaN,NaN,NaN
0.7241379310344828,-0.8620689655172413,15.419373130445596,NaN,NaN,NaN
0.7241379310344828,-0.7931034482758621,11.010559704565544,NaN,NaN,NaN
0.7241379310344828,-0.7241379310344828,7.734799383684782,NaN,NaN,NaN
0.7241379310344828,-0.6551724137931034,5.42358562965544,NaN,NaN,NaN
0.7241379310344828,-0.5862068965517241,3.4976602657166773,NaN,NaN,NaN
0.7241379310344828,-0.5172413793103449,2.3255903441876438,NaN,NaN,NaN
0.7241379310344828,-0.4482758620689655,1.605834748184074,NaN,NaN,NaN
0.7241379310344828,-0.3793103448275862,1.1406615870425596,NaN,NaN,NaN
0.7241379310344828,-0.3103448275862069,0.8386824589733699,NaN,NaN,NaN
0.7241379310344828,-0.2413793103448276,0.7512189274896385,NaN,NaN,NaN
0.7241379310344828,-0.1724137931034483,0.7924269896988109,NaN,NaN,NaN
0.7241379310344828,-0.10344827586206896,1.0188498371896013,NaN,NaN,NaN
0.7241379310344828,-0.034482758620689655,1.2242316639461355,NaN,NaN,NaN
0.7241379310344828,0.034482758620689655,1.5191042309724452,NaN,NaN,NaN
0.7241379310344828,0.10344827586206896,1.9232697841915283,NaN,NaN,NaN
0.7241379310344828,0.1724137931034483,2.3401083904328055,NaN,NaN,NaN
0.7241379310344828,0.2413793103448276,2.8032668838173835,NaN,NaN,NaN
0.7241379310344828,0.3103448275862069,3.34112089614066,NaN,NaN,NaN
0.7241379310344828,0.3793103448275862,3.9036515383389676,NaN,NaN,NaN
0.7241379310344828,0.4482758620689655,4.525784392507688,NaN,NaN,NaN
0.7241379310344828,0.5172413793103449,5.240541918751914,NaN,NaN,NaN
0.7241379310344828,0.5862068965517241,5.996498085025968,NaN,NaN,NaN
0.7241379310344828,0.6551724137931034,6.885421723712234,NaN,NaN,NaN
0.7241379310344828,0.7241379310344828,7.904896499162476,NaN,NaN,NaN
0.7241379310344828,0.7931034482758621,9.113687150430206,NaN,NaN,NaN
0.7241379310344828,0.8620689655172413,10.526628314287732,NaN,NaN,NaN
0.7241379310344828,0.9310344827586207,12.161467858833205,NaN,NaN,NaN
0.7931034482758621,-0.9310344827586207,20.8536362278749,NaN,NaN,NaN
0.7931034482758621,-0.8620689655172413,13.98974165034554,NaN,NaN,NaN
0.7931034482758621,-0.7931034482758621,9.169352686689692,NaN,NaN,NaN
0.7931034482758621,-0.7241379310344828,5.880679426058705,NaN,NaN,NaN
0.7931034482758621,-0.6551724137931034,3.5909733258247014,NaN,NaN,NaN
0.7931034482758621,-0.5862068965517241,2.1678276912112278,NaN,NaN,NaN
0.7931034482758621,-0.5172413793103449,1.1297126603399916,NaN,NaN,NaN
0.7931034482758621,-0.4482758620689655,0.5704480904373284,NaN,NaN,NaN
0.7931034482758621,-0.3793103448275862,0.2412839188605695,NaN,NaN,NaN
0.7931034482758621,-0.3103448275862069,0.15029904715274084,NaN,NaN,NaN
0.7931034482758621,-0.2413793103448276,0.13383477362860324,NaN,NaN,NaN
0.7931034482758621,-0.1724137931034483,0.3586656304427606,NaN,NaN,NaN
0.7931034482758621,-0.10344827586206896,0.5705614072001562,NaN,NaN,NaN
0.7931034482758621,-0.034482758620689655,0.9073504768894143,NaN,NaN,NaN
0.7931034482758621,0.034482758620689655,1.3001363651810243,NaN,NaN,NaN
0.7931034482758621,0.10344827586206896,1.7278412178821483,NaN,NaN,NaN
0.7931034482758621,0.1724137931034483,2.2631701355126337,NaN,NaN,NaN
0.7931034482758621,0.2413793103448276,2.7774004631363596,NaN,NaN,NaN
0.7931034482758621,0.3103448275862069,3.3317035789752913,NaN,NaN,NaN
0.7931034482758621,0.3793103448275862,3.937596226956451,NaN,NaN,NaN
0.7931034482758621,0.4482758620689655,4.625567497161143,NaN,NaN,NaN
0.7931034482758621,0.5172413793103449,5.315407051286723,NaN,NaN,NaN
0.7931034482758621,0.5862068965517241,6.081893076913774,NaN,NaN,NaN
0.7931034482758621,0.6551724137931034,7.007337113983828,NaN,NaN,NaN
0.7931034482758621,0.7241379310344828,8.085401033515222,NaN,NaN,NaN
0.7931034482758621,0.7931034482758621,9.378327351490476,NaN,NaN,NaN
0.7931034482758621,0.8620689655172413,10.95785545699078,NaN,NaN,NaN
0.7931034482758621,0.9310344827586207,12.89857149859498,NaN,NaN,NaN
0.8620689655172413,-0.9310344827586207,18.800094004132184,NaN,NaN,NaN
0.8620689655172413,-0.8620689655172413,10.86329927557153,NaN,NaN,NaN
0.8620689655172413,-0.7931034482758621,5.907949164752732,NaN,NaN,NaN
0.8620689655172413,-0.7241379310344828,2.942311387525474,NaN,NaN,NaN
0.8620689655172413,-0.6551724137931034,1.1099490344585647,NaN,NaN,NaN
0.8620689655172413,-0.5862068965517241,0.08459191604396543,NaN,NaN,NaN
0.8620689655172413,-0.5172413793103449,-0.565299740360542,NaN,NaN,NaN
0.8620689655172413,-0.4482758620689655,-0.8038504055313979,NaN,NaN,NaN
0.8620689655172413,-0.3793103448275862,-0.8736663148160574,NaN,NaN,NaN
0.8620689655172413,-0.3103448275862069,-0.7455473182973631,NaN,NaN,NaN
0.8620689655172413,-0.2413793103448276,-0.5471434894262162,NaN,NaN,NaN
0.8620689655172413,-0.1724137931034483,-0.23704784970436435,NaN,NaN,NaN
0.8620689655172413,-0.10344827586206896,0.12744560835653224,NaN,NaN,NaN
0.8620689655172413,-0.034482758620689655,0.5768221773423559,NaN,NaN,NaN
0.8620689655172413,0.034482758620689655,1.0784214408052801,NaN,NaN,NaN
0.8620689655172413,0.10344827586206896,1.5844516584680268,NaN,NaN,NaN
0.8620689655172413,0.1724137931034483,2.12964541847211,NaN,NaN,NaN
0.8620689655172413,0.2413793103448276,2.692703118778692,NaN,NaN,NaN
0.8620689655172413,0.3103448275862069,3.3005108419431295,NaN,NaN,NaN
0.8620689655172413,0.3793103448275862,3.9196683327972286,NaN,NaN,NaN
0.8620689655172413,0.4482758620689655,4.60331356073837,NaN,NaN,NaN
0.8620689655172413,0.5172413793103449,5.377382577583796,NaN,NaN,NaN
0.8620689655172413,0.5862068965517241,6.1136966076184684,NaN,NaN,NaN
0.8620689655172413,0.6551724137931034,7.016474685354924,NaN,NaN,NaN
0.8620689655172413,0.7241379310344828,8.075492637045343,NaN,NaN,NaN
0.8620689655172413,0.7931034482758621,9.297971523681122,NaN,NaN,NaN
0.8620689655172413,0.8620689655172413,10.944627040999956,NaN,NaN,NaN
0.8620689655172413,0.9310344827586207,13.282294817589397,NaN,NaN,NaN
0.9310344827586207,-0.9310344827586207,12.186299101405195,NaN,NaN,NaN
0.9310344827586207,-0.8620689655172413,4.361880338486758,NaN,NaN,NaN
0.9310344827586207,-0.7931034482758621,0.8602245913349394,NaN,NaN,NaN
0.9310344827586207,-0.7241379310344828,-1.0164620404440299,NaN,NaN,NaN
0.9310344827586207,-0.6551724137931034,-1.917646189098067,NaN,NaN,NaN
0.9310344827586207,-0.5862068965517241,-2.3421040875595027,NaN,NaN,NaN
0.9310344827586207,-0.5172413793103449,-2.4314254948757403,NaN,NaN,NaN
0.9310344827586207,-0.4482758620689655,-2.3326011802096795,NaN,NaN,NaN
0.9310344827586207,-0.3793103448275862,-2.123367938035135,NaN,NaN,NaN
0.9310344827586207,-0.3103448275862069,-1.7329254755086587,NaN,NaN,NaN
0.9310344827586207,-0.2413793103448276,-1.326058010092124,NaN,NaN,NaN
0.9310344827586207,-0.1724137931034483,-0.8492243163531255,NaN,NaN,NaN
0.9310344827586207,-0.10344827586206896,-0.3739251972141877,NaN,NaN,NaN
0.9310344827586207,-0.034482758620689655,0.17849458456159698,NaN,NaN,NaN
0.9310344827586207,0.034482758620689655,0.7662305063460063,NaN,NaN,NaN
0.9310344827586207,0.10344827586206896,1.340836543726661,NaN,NaN,NaN
0.9310344827586207,0.1724137931034483,1.952951822969263,NaN,NaN,NaN
0.9310344827586207,0.2413793103448276,2.56794356384171,NaN,NaN,NaN
0.9310344827586207,0.3103448275862069,3.1807459846419435,NaN,NaN,NaN
0.9310344827586207,0.3793103448275862,3.8643892301342624,NaN,NaN,NaN
0.9310344827586207,0.4482758620689655,4.55920692343318,NaN,NaN,NaN
0.9310344827586207,0.5172413793103449,5.301556398499306,NaN,NaN,NaN
0.9310344827586207,0.5862068965517241,6.051804159335638,NaN,NaN,NaN
0.9310344827586207,0.6551724137931034,6.860813032603721,NaN,NaN,NaN
0.9310344827586207,0.7241379310344828,7.787108697227919,NaN,NaN,NaN
0.9310344827586207,0.7931034482758621,8.903493476209226,NaN,NaN,NaN
0.9310344827586207,0.8620689655172413,10.36911748763075,NaN,NaN,NaN
0.9310344827586207,0.9310344827586207,12.711134936970613,NaN,NaN,NaN
